{
  "image_wh": [
    752,
    480
  ],
  "T_B_C0": [
    [
      0.0148655429818,
      -0.999880929698,
      0.00414029679422,
      -0.0216401454975
    ],
    [
      0.999557249008,
      0.0149672133247,
      0.025715529948,
      -0.064676986768
    ],
    [
      -0.0257744366974,
      0.00375618835797,
      0.999660727178,
      0.00981073058949
    ],
    [
      0.0,
      0.0,
      0.0,
      1.0
    ]
  ],
  "T_B_C1": [
    [
      0.0125552670891,
      -0.999755099723,
      0.0182237714554,
      -0.0198435579556
    ],
    [
      0.999598781151,
      0.0130119051815,
      0.0251588363115,
      0.0453689425024
    ],
    [
      -0.0253898008918,
      0.0179005838253,
      0.999517347078,
      0.00786212447038
    ],
    [
      0.0,
      0.0,
      0.0,
      1.0
    ]
  ],
  "rectify": {
    "R0": [
      [
        0.9999633526194376,
        -0.0036258118715483084,
        0.007755443660176383
      ],
      [
        0.0036803985472477164,
        0.999968475277163,
        -0.007035845251217266
      ],
      [
        -0.007729688520726278,
        0.007064130529498943,
        0.9999451734846441
      ]
    ],
    "R1": [
      [
        0.999966347530033,
        -0.0014227391387136386,
        0.008079580483435527
      ],
      [
        0.001365741834634885,
        0.9999741760894848,
        0.00705562919925043
      ],
      [
        -0.008089410156882146,
        -0.0070443571388281775,
        0.9999424675829177
      ]
    ],
    "P0": [
      [
        466.99328565619277,
        0.0,
        367.5463333129883,
        0.0
      ],
      [
        0.0,
        466.99328565619277,
        251.78838729858398,
        0.0
      ],
      [
        0.0,
        0.0,
        1.0,
        0.0
      ]
    ],
    "P1": [
      [
        466.99328565619277,
        0.0,
        367.5463333129883,
        51.40561320307219
      ],
      [
        0.0,
        466.99328565619277,
        251.78838729858398,
        0.0
      ],
      [
        0.0,
        0.0,
        1.0,
        0.0
      ]
    ],
    "Q": [
      [
        1.0,
        0.0,
        0.0,
        -367.5463333129883
      ],
      [
        0.0,
        1.0,
        0.0,
        -251.78838729858398
      ],
      [
        0.0,
        0.0,
        0.0,
        466.99328565619277
      ],
      [
        0.0,
        0.0,
        -9.084480401223646,
        0.0
      ]
    ],
    "baseline_m": 0.11007784219175637,
    "fx_rect": 466.99328565619277
  },
  "paths": {
    "cam0_yaml": "/root/autodl-tmp/sam-3d-objects/inputs/mav0/cam0/sensor.yaml",
    "cam1_yaml": "/root/autodl-tmp/sam-3d-objects/inputs/mav0/cam1/sensor.yaml"
  }
}